date,new_cases,new_deaths
2020-01-01,,
2020-01-02,,
2020-01-03,,
2020-01-04,0.0,0.0
2020-01-05,0.0,0.0
2020-01-06,0.0,0.0
2020-01-07,0.0,0.0
2020-01-08,0.0,0.0
2020-01-09,0.0,0.0
2020-01-10,0.0,0.0
2020-01-11,0.0,0.0
2020-01-12,0.0,0.0
2020-01-13,0.0,0.0
2020-01-14,0.0,0.0
2020-01-15,0.0,0.0
2020-01-16,0.0,0.0
2020-01-17,0.0,0.0
2020-01-18,0.0,0.0
2020-01-19,0.0,0.0
2020-01-20,0.0,0.0
2020-01-21,0.0,0.0
2020-01-22,0.0,0.0
2020-01-23,0.0,0.0
2020-01-24,0.0,0.0
2020-01-25,0.0,0.0
2020-01-26,0.0,0.0
2020-01-27,0.0,0.0
2020-01-28,0.0,0.0
2020-01-29,0.0,0.0
2020-01-30,0.0,0.0
2020-01-31,0.0,0.0
2020-02-01,0.0,0.0
2020-02-02,0.0,0.0
2020-02-03,0.0,0.0
2020-02-04,0.0,0.0
2020-02-05,0.0,0.0
2020-02-06,0.0,0.0
2020-02-07,0.0,0.0
2020-02-08,0.0,0.0
2020-02-09,0.0,0.0
2020-02-10,0.0,0.0
2020-02-11,0.0,0.0
2020-02-12,0.0,0.0
2020-02-13,0.0,0.0
2020-02-14,0.0,0.0
2020-02-15,0.0,0.0
2020-02-16,0.0,0.0
2020-02-17,0.0,0.0
2020-02-18,0.0,0.0
2020-02-19,0.0,0.0
2020-02-20,0.0,0.0
2020-02-21,0.0,0.0
2020-02-22,0.0,0.0
2020-02-23,0.0,0.0
2020-02-24,0.0,0.0
2020-02-25,0.0,0.0
2020-02-26,0.0,0.0
2020-02-27,1.0,0.0
2020-02-28,0.0,0.0
2020-02-29,0.0,0.0
2020-03-01,0.0,0.0
2020-03-02,1.0,0.0
2020-03-03,0.0,0.0
2020-03-04,0.0,0.0
2020-03-05,0.0,0.0
2020-03-06,1.0,0.0
2020-03-07,5.0,0.0
2020-03-08,5.0,0.0
2020-03-09,6.0,0.0
2020-03-10,6.0,0.0
2020-03-11,0.0,0.0
2020-03-12,9.0,0.0
2020-03-13,26.0,0.0
2020-03-14,17.0,0.0
2020-03-15,7.0,0.0
2020-03-16,37.0,0.0
2020-03-17,79.0,0.0
2020-03-18,34.0,0.0
2020-03-19,57.0,1.0
2020-03-20,137.0,3.0
2020-03-21,0.0,0.0
2020-03-22,476.0,7.0
2020-03-23,0.0,0.0
2020-03-24,642.0,14.0
2020-03-25,345.0,9.0
2020-03-26,310.0,12.0
2020-03-27,232.0,11.0
2020-03-28,482.0,20.0
2020-03-29,502.0,15.0
2020-03-30,486.0,22.0
2020-03-31,353.0,22.0
2020-04-01,323.0,23.0
2020-04-02,1138.0,42.0
2020-04-03,1119.0,40.0
2020-04-04,1074.0,58.0
2020-04-05,1146.0,60.0
2020-04-06,1222.0,73.0
2020-04-07,852.0,54.0
2020-04-08,926.0,67.0
2020-04-09,1661.0,114.0
2020-04-10,2210.0,133.0
2020-04-11,1930.0,141.0
2020-04-12,1781.0,115.0
2020-04-13,1089.0,68.0
2020-04-14,1442.0,99.0
2020-04-15,1261.0,105.0
2020-04-16,1832.0,204.0
2020-04-17,3058.0,204.0
2020-04-18,2105.0,188.0
2020-04-19,3257.0,217.0
2020-04-20,2917.0,206.0
2020-04-21,2055.0,115.0
2020-04-22,1927.0,113.0
2020-04-23,2498.0,166.0
2020-04-24,2678.0,165.0
2020-04-25,3735.0,407.0
2020-04-26,3503.0,357.0
2020-04-27,5514.0,346.0
2020-04-28,3379.0,189.0
2020-04-29,4613.0,338.0
2020-04-30,5385.0,474.0
2020-05-01,6276.0,449.0
2020-05-02,7218.0,435.0
2020-05-03,6209.0,428.0
2020-05-04,4970.0,421.0
2020-05-05,4588.0,275.0
2020-05-06,6633.0,296.0
2020-05-07,6935.0,600.0
2020-05-08,10503.0,615.0
2020-05-09,9888.0,610.0
2020-05-10,10222.0,751.0
2020-05-11,10611.0,730.0
2020-05-12,6760.0,496.0
2020-05-13,5632.0,396.0
2020-05-14,9258.0,881.0
2020-05-15,11385.0,749.0
2020-05-16,13944.0,844.0
2020-05-17,15305.0,824.0
2020-05-18,14919.0,816.0
2020-05-19,7938.0,485.0
2020-05-20,13140.0,674.0
2020-05-21,17408.0,1179.0
2020-05-22,19951.0,888.0
2020-05-23,18508.0,1188.0
2020-05-24,20803.0,1001.0
2020-05-25,16508.0,965.0
2020-05-26,15813.0,653.0
2020-05-27,11687.0,807.0
2020-05-28,16324.0,1039.0
2020-05-29,20599.0,1086.0
2020-05-30,26417.0,1156.0
2020-05-31,26928.0,1124.0
2020-06-01,33274.0,956.0
2020-06-02,16409.0,480.0
2020-06-03,11598.0,623.0
2020-06-04,28936.0,1262.0
2020-06-05,28633.0,1349.0
2020-06-06,30925.0,1473.0
2020-06-07,30830.0,1005.0
2020-06-08,27075.0,904.0
2020-06-09,18912.0,525.0
2020-06-10,15654.0,679.0
2020-06-11,32091.0,1272.0
2020-06-12,32913.0,1274.0
2020-06-13,30412.0,1239.0
2020-06-14,25982.0,909.0
2020-06-15,21704.0,892.0
2020-06-16,17110.0,612.0
2020-06-17,20647.0,627.0
2020-06-18,34918.0,1282.0
2020-06-19,32188.0,1269.0
2020-06-20,22765.0,1238.0
2020-06-21,54771.0,1206.0
2020-06-22,34666.0,1022.0
2020-06-23,17459.0,641.0
2020-06-24,21432.0,654.0
2020-06-25,39436.0,1374.0
2020-06-26,42725.0,1185.0
2020-06-27,39483.0,1141.0
2020-06-28,46860.0,990.0
2020-06-29,38693.0,1109.0
2020-06-30,30476.0,552.0
2020-07-01,24052.0,692.0
2020-07-02,33846.0,1280.0
2020-07-03,46712.0,1038.0
2020-07-04,48105.0,1252.0
2020-07-05,42223.0,1290.0
2020-07-06,37923.0,1091.0
2020-07-07,26051.0,602.0
2020-07-08,20229.0,620.0
2020-07-09,45305.0,1254.0
2020-07-10,44571.0,1223.0
2020-07-11,42619.0,1220.0
2020-07-12,45048.0,1214.0
2020-07-13,39023.0,1071.0
2020-07-14,24831.0,631.0
2020-07-15,20286.0,733.0
2020-07-16,41857.0,1300.0
2020-07-17,39924.0,1233.0
2020-07-18,45403.0,1322.0
2020-07-19,34177.0,1163.0
2020-07-20,28532.0,921.0
2020-07-21,23529.0,716.0
2020-07-22,20257.0,632.0
2020-07-23,41008.0,1367.0
2020-07-24,67860.0,1284.0
2020-07-25,59961.0,1311.0
2020-07-26,55891.0,1156.0
2020-07-27,51147.0,1211.0
2020-07-28,24578.0,555.0
2020-07-29,23284.0,614.0
2020-07-30,40816.0,921.0
2020-07-31,69074.0,1595.0
2020-08-01,57837.0,1129.0
2020-08-02,52383.0,1212.0
2020-08-03,45392.0,1088.0
2020-08-04,25800.0,541.0
2020-08-05,16641.0,561.0
2020-08-06,51603.0,1154.0
2020-08-07,57152.0,1437.0
2020-08-08,53139.0,1237.0
2020-08-09,50230.0,1079.0
2020-08-10,49970.0,905.0
2020-08-11,23010.0,572.0
2020-08-12,22048.0,703.0
2020-08-13,52160.0,1274.0
2020-08-14,55155.0,1175.0
2020-08-15,60091.0,1262.0
2020-08-16,50644.0,1060.0
2020-08-17,41576.0,709.0
2020-08-18,23101.0,620.0
2020-08-19,19373.0,684.0
2020-08-20,47784.0,1352.0
2020-08-21,49298.0,1212.0
2020-08-22,45323.0,1204.0
2020-08-23,30355.0,1054.0
2020-08-24,50032.0,892.0
2020-08-25,23421.0,494.0
2020-08-26,17078.0,565.0
2020-08-27,47134.0,1271.0
2020-08-28,47161.0,1085.0
2020-08-29,44235.0,984.0
2020-08-30,43412.0,855.0
2020-08-31,41350.0,958.0
2020-09-01,16158.0,366.0
2020-09-02,45961.0,553.0
2020-09-03,42659.0,1215.0
2020-09-04,46934.0,1184.0
2020-09-05,43773.0,834.0
2020-09-06,51194.0,907.0
2020-09-07,30168.0,682.0
2020-09-08,14521.0,447.0
2020-09-09,10273.0,310.0
2020-09-10,14279.0,504.0
2020-09-11,35816.0,1075.0
2020-09-12,40557.0,983.0
2020-09-13,43718.0,874.0
2020-09-14,33523.0,814.0
2020-09-15,14768.0,415.0
2020-09-16,15155.0,381.0
2020-09-17,36653.0,1113.0
2020-09-18,36820.0,987.0
2020-09-19,36303.0,829.0
2020-09-20,39797.0,858.0
2020-09-21,33057.0,739.0
2020-09-22,16389.0,363.0
2020-09-23,13439.0,377.0
2020-09-24,33536.0,836.0
2020-09-25,33281.0,869.0
2020-09-26,32817.0,831.0
2020-09-27,31911.0,729.0
2020-09-28,28378.0,869.0
2020-09-29,14318.0,335.0
2020-09-30,13155.0,317.0
2020-10-01,32058.0,863.0
2020-10-02,33413.0,1031.0
2020-10-03,36157.0,728.0
2020-10-04,33431.0,708.0
2020-10-05,26310.0,599.0
2020-10-06,8456.0,365.0
2020-10-07,11946.0,323.0
2020-10-08,41906.0,819.0
2020-10-09,31553.0,734.0
2020-10-10,27750.0,729.0
2020-10-11,27444.0,682.0
2020-10-12,26749.0,559.0
2020-10-13,12342.0,290.0
2020-10-14,8429.0,201.0
2020-10-15,10220.0,309.0
2020-10-16,27235.0,749.0
2020-10-17,28523.0,713.0
2020-10-18,30914.0,754.0
2020-10-19,24062.0,461.0
2020-10-20,10982.0,230.0
2020-10-21,15383.0,271.0
2020-10-22,23227.0,661.0
2020-10-23,24818.0,566.0
2020-10-24,24858.0,497.0
2020-10-25,30026.0,571.0
2020-10-26,26979.0,432.0
2020-10-27,13493.0,231.0
2020-10-28,15726.0,263.0
2020-10-29,29787.0,549.0
2020-10-30,28629.0,510.0
2020-10-31,26106.0,513.0
2020-11-01,22282.0,508.0
2020-11-02,18947.0,407.0
2020-11-03,10100.0,190.0
2020-11-04,8501.0,179.0
2020-11-05,11843.0,243.0
2020-11-06,23976.0,610.0
2020-11-07,22294.0,630.0
2020-11-08,18862.0,279.0
2020-11-09,22380.0,254.0
2020-11-10,10554.0,128.0
2020-11-11,10917.0,231.0
2020-11-12,25012.0,201.0
2020-11-13,48331.0,544.0
2020-11-14,33207.0,908.0
2020-11-15,29070.0,456.0
2020-11-16,38307.0,921.0
2020-11-17,14134.0,140.0
2020-11-18,13371.0,216.0
2020-11-19,35294.0,685.0
2020-11-20,34091.0,756.0
2020-11-21,35918.0,606.0
2020-11-22,38397.0,552.0
2020-11-23,32622.0,376.0
2020-11-24,18615.0,194.0
2020-11-25,16207.0,302.0
2020-11-26,31100.0,630.0
2020-11-27,47898.0,654.0
2020-11-28,37614.0,691.0
2020-11-29,34130.0,514.0
2020-11-30,51922.0,587.0
2020-12-01,24468.0,272.0
2020-12-02,21138.0,287.0
2020-12-03,50909.0,697.0
2020-12-04,49863.0,698.0
2020-12-05,50434.0,755.0
2020-12-06,46884.0,694.0
2020-12-07,43209.0,664.0
2020-12-08,26363.0,313.0
2020-12-09,20371.0,376.0
2020-12-10,51088.0,842.0
2020-12-11,53453.0,836.0
2020-12-12,53347.0,770.0
2020-12-13,54428.0,672.0
2020-12-14,43900.0,686.0
2020-12-15,21825.0,279.0
2020-12-16,25193.0,433.0
2020-12-17,42889.0,964.0
2020-12-18,70574.0,936.0
2020-12-19,69826.0,1092.0
2020-12-20,52544.0,823.0
2020-12-21,50177.0,706.0
2020-12-22,25445.0,408.0
2020-12-23,25019.0,527.0
2020-12-24,55202.0,968.0
2020-12-25,46696.0,961.0
2020-12-26,60076.0,786.0
2020-12-27,22967.0,482.0
2020-12-28,17246.0,307.0
2020-12-29,18479.0,344.0
2020-12-30,20548.0,431.0
2020-12-31,58718.0,1111.0
2021-01-01,55649.0,1194.0
2021-01-02,56773.0,1074.0
2021-01-03,24605.0,462.0
2021-01-04,15827.0,314.0
2021-01-05,17341.0,293.0
2021-01-06,20006.0,543.0
2021-01-07,56648.0,1171.0
2021-01-08,63430.0,1242.0
2021-01-09,87843.0,1524.0
2021-01-10,52035.0,962.0
2021-01-11,62290.0,1171.0
2021-01-12,29792.0,469.0
2021-01-13,25822.0,480.0
2021-01-14,64025.0,1110.0
2021-01-15,60899.0,1274.0
2021-01-16,67758.0,1131.0
2021-01-17,69198.0,1151.0
2021-01-18,61567.0,1050.0
2021-01-19,33040.0,551.0
2021-01-20,23671.0,452.0
2021-01-21,62094.0,1192.0
2021-01-22,64385.0,1340.0
2021-01-23,59119.0,1316.0
2021-01-24,56552.0,1096.0
2021-01-25,62334.0,1202.0
2021-01-26,28323.0,592.0
2021-01-27,26816.0,627.0
2021-01-28,61963.0,1214.0
2021-01-29,63520.0,1283.0
2021-01-30,61811.0,1386.0
2021-01-31,59826.0,1119.0
2021-02-01,58462.0,1279.0
2021-02-02,27756.0,559.0
2021-02-03,24591.0,595.0
2021-02-04,54096.0,1210.0
2021-02-05,56002.0,1254.0
2021-02-06,56873.0,1232.0
2021-02-07,50872.0,1239.0
2021-02-08,50630.0,978.0
2021-02-09,26845.0,522.0
2021-02-10,23439.0,636.0
2021-02-11,51486.0,1350.0
2021-02-12,59602.0,1330.0
2021-02-13,54742.0,1351.0
2021-02-14,51546.0,1288.0
2021-02-15,44299.0,1043.0
2021-02-16,24759.0,713.0
2021-02-17,32197.0,528.0
2021-02-18,55271.0,1167.0
2021-02-19,56766.0,1150.0
2021-02-20,51879.0,1367.0
2021-02-21,51050.0,1308.0
2021-02-22,57472.0,1212.0
2021-02-23,29026.0,527.0
2021-02-24,26986.0,639.0
2021-02-25,62715.0,1386.0
2021-02-26,66588.0,1428.0
2021-02-27,65998.0,1541.0
2021-02-28,65169.0,1337.0
2021-03-01,61602.0,1386.0
2021-03-02,34027.0,721.0
2021-03-03,35742.0,778.0
2021-03-04,59925.0,1641.0
2021-03-05,71704.0,1910.0
2021-03-06,75102.0,1699.0
2021-03-07,75495.0,1800.0
2021-03-08,69609.0,1555.0
2021-03-09,80508.0,1086.0
2021-03-10,32321.0,987.0
2021-03-11,70764.0,1972.0
2021-03-12,79876.0,2286.0
2021-03-13,75412.0,2233.0
2021-03-14,85663.0,2216.0
2021-03-15,76178.0,1997.0
2021-03-16,43812.0,1127.0
2021-03-17,36239.0,1057.0
2021-03-18,83926.0,2841.0
2021-03-19,90303.0,2648.0
2021-03-20,86982.0,2724.0
2021-03-21,90570.0,2815.0
2021-03-22,79069.0,2438.0
2021-03-23,47774.0,1290.0
2021-03-24,49293.0,1383.0
2021-03-25,82493.0,3251.0
2021-03-26,89992.0,2009.0
2021-03-27,100158.0,2777.0
2021-03-28,84245.0,3650.0
2021-03-29,85948.0,3438.0
2021-03-30,44326.0,1656.0
2021-03-31,38927.0,1660.0
2021-04-01,84494.0,3780.0
2021-04-02,90638.0,3869.0
2021-04-03,91097.0,3769.0
2021-04-04,70238.0,2922.0
2021-04-05,43515.0,1987.0
2021-04-06,31359.0,1240.0
2021-04-07,28645.0,1319.0
2021-04-08,86979.0,4195.0
2021-04-09,92625.0,3829.0
2021-04-10,86652.0,4249.0
2021-04-11,93317.0,3693.0
2021-04-12,71832.0,2616.0
2021-04-13,37017.0,1803.0
2021-04-14,35785.0,1480.0
2021-04-15,82186.0,3808.0
2021-04-16,73513.0,3459.0
2021-04-17,73174.0,3560.0
2021-04-18,85774.0,3305.0
2021-04-19,67636.0,2929.0
2021-04-20,42980.0,1657.0
2021-04-21,30624.0,1347.0
2021-04-22,69381.0,3321.0
2021-04-23,79719.0,3472.0
2021-04-24,45178.0,2027.0
2021-04-25,69105.0,2914.0
2021-04-26,71137.0,3076.0
2021-04-27,32572.0,1305.0
2021-04-28,28636.0,1139.0
2021-04-29,72140.0,3086.0
2021-04-30,79726.0,3163.0
2021-05-01,69389.0,3001.0
2021-05-02,68333.0,2595.0
2021-05-03,66964.0,2656.0
2021-05-04,28935.0,1202.0
2021-05-05,24619.0,983.0
2021-05-06,77359.0,2966.0
2021-05-07,73295.0,2811.0
2021-05-08,73380.0,2550.0
2021-05-09,78886.0,2165.0
2021-05-10,63430.0,2202.0
2021-05-11,38911.0,1024.0
2021-05-12,25200.0,889.0
2021-05-13,72715.0,2311.0
2021-05-14,76692.0,2494.0
2021-05-15,74592.0,2383.0
2021-05-16,85536.0,2211.0
2021-05-17,67009.0,2087.0
2021-05-18,40941.0,1036.0
2021-05-19,29916.0,786.0
2021-05-20,75445.0,2513.0
2021-05-21,79219.0,2641.0
2021-05-22,82039.0,2403.0
2021-05-23,76855.0,2215.0
2021-05-24,76490.0,1899.0
2021-05-25,35819.0,860.0
2021-05-26,37498.0,790.0
2021-05-27,73453.0,2173.0
2021-05-28,80486.0,2398.0
2021-05-29,67467.0,2245.0
2021-05-30,49768.0,2371.0
2021-05-31,79670.0,2012.0
2021-06-01,43520.0,874.0
2021-06-02,30434.0,860.0
2021-06-03,78926.0,2408.0
2021-06-04,95601.0,2507.0
2021-06-05,83391.0,1682.0
2021-06-06,37936.0,1454.0
2021-06-07,66017.0,1689.0
2021-06-08,39637.0,873.0
2021-06-09,37156.0,1010.0
2021-06-10,52911.0,2378.0
2021-06-11,85748.0,2723.0
2021-06-12,88092.0,2504.0
2021-06-13,85149.0,2216.0
2021-06-14,78700.0,2037.0
2021-06-15,37948.0,1129.0
2021-06-16,39846.0,827.0
2021-06-17,80609.0,2468.0
2021-06-18,95367.0,2997.0
2021-06-19,74042.0,2311.0
2021-06-20,98832.0,2495.0
2021-06-21,82288.0,2301.0
2021-06-22,44178.0,1025.0
2021-06-23,38903.0,761.0
2021-06-24,87822.0,2131.0
2021-06-25,115228.0,2392.0
2021-06-26,73602.0,2032.0
2021-06-27,79277.0,2001.0
2021-06-28,64134.0,1593.0
2021-06-29,33704.0,739.0
2021-06-30,27804.0,618.0
2021-07-01,64903.0,1893.0
2021-07-02,43836.0,2081.0
2021-07-03,65163.0,2029.0
2021-07-04,65165.0,1857.0
2021-07-05,54556.0,1635.0
2021-07-06,27783.0,830.0
2021-07-07,22703.0,695.0
2021-07-08,62504.0,1780.0
2021-07-09,54022.0,1648.0
2021-07-10,53725.0,1639.0
2021-07-11,57737.0,1509.0
2021-07-12,48504.0,1205.0
2021-07-13,20937.0,595.0
2021-07-14,17031.0,745.0
2021-07-15,45022.0,1605.0
2021-07-16,57736.0,1556.0
2021-07-17,52789.0,1548.0
2021-07-18,45591.0,1456.0
2021-07-19,34339.0,868.0
2021-07-20,34126.0,948.0
2021-07-21,15271.0,542.0
2021-07-22,27592.0,1424.0
2021-07-23,54517.0,1424.0
2021-07-24,49757.0,1412.0
2021-07-25,108732.0,1324.0
2021-07-26,38091.0,1108.0
2021-07-27,18129.0,476.0
2021-07-28,18999.0,578.0
2021-07-29,41411.0,1333.0
2021-07-30,48013.0,1344.0
2021-07-31,42283.0,1318.0
2021-08-01,40904.0,963.0
2021-08-02,37582.0,910.0
2021-08-03,20503.0,464.0
2021-08-04,15143.0,389.0
2021-08-05,32316.0,1209.0
2021-08-06,40716.0,1175.0
2021-08-07,40054.0,1099.0
2021-08-08,42159.0,1056.0
2021-08-09,43033.0,990.0
2021-08-10,13893.0,399.0
2021-08-11,12085.0,411.0
2021-08-12,34885.0,1211.0
2021-08-13,32443.0,975.0
2021-08-14,39982.0,1148.0
2021-08-15,33933.0,966.0
2021-08-16,31142.0,926.0
2021-08-17,13957.0,270.0
2021-08-18,14471.0,434.0
2021-08-19,37613.0,1106.0
2021-08-20,41714.0,1064.0
2021-08-21,36315.0,979.0
2021-08-22,33887.0,870.0
2021-08-23,28388.0,698.0
2021-08-24,14404.0,318.0
2021-08-25,13103.0,321.0
2021-08-26,30872.0,894.0
2021-08-27,30671.0,903.0
2021-08-28,31024.0,920.0
2021-08-29,27345.0,761.0
2021-08-30,24699.0,684.0
2021-08-31,13210.0,298.0
2021-09-01,10466.0,266.0
2021-09-02,24589.0,839.0
2021-09-03,27345.0,737.0
2021-09-04,26280.0,764.0
2021-09-05,25565.0,756.0
2021-09-06,21804.0,692.0
2021-09-07,12915.0,266.0
2021-09-08,9154.0,182.0
2021-09-09,13645.0,361.0
2021-09-10,14430.0,250.0
2021-09-11,30891.0,753.0
2021-09-12,15951.0,672.0
2021-09-13,14314.0,712.0
2021-09-14,10615.0,293.0
2021-09-15,6645.0,215.0
2021-09-16,13406.0,731.0
2021-09-17,14780.0,800.0
2021-09-18,34407.0,643.0
2021-09-19,11202.0,333.0
2021-09-20,150106.0,935.0
2021-09-21,9458.0,244.0
2021-09-22,7884.0,203.0
2021-09-23,,485.0
2021-09-24,36473.0,876.0
2021-09-25,24611.0,648.0
2021-09-26,19438.0,699.0
2021-09-27,15688.0,537.0
2021-09-28,8668.0,243.0
2021-09-29,14423.0,210.0
2021-09-30,15395.0,793.0
2021-10-01,17756.0,676.0
2021-10-02,27527.0,627.0
2021-10-03,18578.0,476.0
2021-10-04,13466.0,498.0
2021-10-05,9004.0,225.0
2021-10-06,10425.0,204.0
2021-10-07,20528.0,677.0
2021-10-08,17893.0,530.0
2021-10-09,15591.0,451.0
2021-10-10,18172.0,615.0
2021-10-11,16451.0,404.0
2021-10-12,8639.0,182.0
2021-10-13,6918.0,202.0
2021-10-14,7359.0,185.0
2021-10-15,7852.0,176.0
2021-10-16,14288.0,525.0
2021-10-17,15239.0,570.0
2021-10-18,11250.0,483.0
2021-10-19,5738.0,130.0
2021-10-20,7446.0,183.0
2021-10-21,12969.0,390.0
2021-10-22,15609.0,373.0
2021-10-23,16853.0,451.0
2021-10-24,14502.0,460.0
2021-10-25,11716.0,318.0
2021-10-26,6204.0,187.0
2021-10-27,5797.0,160.0
2021-10-28,13424.0,442.0
2021-10-29,17184.0,433.0
2021-10-30,15268.0,389.0
2021-10-31,11965.0,394.0
2021-11-01,10693.0,232.0
2021-11-02,6761.0,130.0
2021-11-03,3838.0,98.0
2021-11-04,6431.0,149.0
2021-11-05,14661.0,164.0
2021-11-06,13352.0,436.0
2021-11-07,13321.0,389.0
2021-11-08,11866.0,328.0
2021-11-09,6115.0,59.0
2021-11-10,5638.0,126.0
2021-11-11,10948.0,183.0
2021-11-12,12273.0,280.0
2021-11-13,15300.0,188.0
2021-11-14,14598.0,267.0
2021-11-15,14642.0,731.0
2021-11-16,4129.0,61.0
2021-11-17,2799.0,63.0
2021-11-18,4918.0,132.0
2021-11-19,11977.0,373.0
2021-11-20,12301.0,293.0
2021-11-21,13355.0,226.0
2021-11-22,8833.0,217.0
2021-11-23,5126.0,72.0
2021-11-24,2594.0,123.0
2021-11-25,10312.0,284.0
2021-11-26,12930.0,273.0
2021-11-27,12126.0,303.0
2021-11-28,12392.0,315.0
2021-11-29,9233.0,229.0
2021-11-30,4043.0,92.0
2021-12-01,3843.0,98.0
2021-12-02,9710.0,305.0
2021-12-03,11413.0,283.0
2021-12-04,12910.0,215.0
2021-12-05,10627.0,221.0
2021-12-06,8838.0,170.0
2021-12-07,4844.0,66.0
2021-12-08,4385.0,108.0
2021-12-09,10250.0,274.0
2021-12-10,10055.0,233.0
2021-12-11,9278.0,206.0
2021-12-12,7765.0,234.0
2021-12-13,3355.0,53.0
2021-12-14,1688.0,86.0
2021-12-15,2082.0,48.0
2021-12-16,3826.0,92.0
2021-12-17,5446.0,301.0
2021-12-18,3720.0,124.0
2021-12-19,4079.0,206.0
2021-12-20,3323.0,153.0
2021-12-21,1419.0,49.0
2021-12-22,2094.0,70.0
2021-12-23,3621.0,75.0
2021-12-24,3451.0,143.0
2021-12-25,3645.0,137.0
2021-12-26,4164.0,164.0
2021-12-27,0.0,0.0
2021-12-28,8699.0,56.0
2021-12-29,6840.0,86.0
2021-12-30,8430.0,171.0
2021-12-31,9128.0,112.0
2022-01-01,13405.0,167.0
2022-01-02,10282.0,72.0
2022-01-03,3986.0,49.0
2022-01-04,1721.0,28.0
2022-01-05,11850.0,76.0
2022-01-06,18759.0,175.0
2022-01-07,27267.0,129.0
2022-01-08,35826.0,128.0
2022-01-09,63292.0,181.0
2022-01-10,49303.0,115.0
2022-01-11,24382.0,44.0
2022-01-12,34788.0,110.0
2022-01-13,70765.0,147.0
2022-01-14,86631.0,133.0
2022-01-15,98826.0,174.0
2022-01-16,112286.0,251.0
2022-01-17,48520.0,175.0
2022-01-18,24934.0,74.0
2022-01-19,74134.0,121.0
2022-01-20,137103.0,351.0
2022-01-21,204854.0,338.0
2022-01-22,168495.0,350.0
2022-01-23,166539.0,358.0
2022-01-24,157393.0,238.0
2022-01-25,135080.0,296.0
2022-01-26,80340.0,259.0
2022-01-27,186722.0,487.0
2022-01-28,224567.0,570.0
2022-01-29,228954.0,672.0
2022-01-30,269968.0,799.0
2022-01-31,179816.0,640.0
2022-02-01,134175.0,330.0
2022-02-02,77947.0,284.0
2022-02-03,193465.0,929.0
2022-02-04,172903.0,893.0
2022-02-05,298408.0,1041.0
2022-02-06,184311.0,493.0
2022-02-07,197442.0,1308.0
2022-02-08,59737.0,391.0
2022-02-09,66583.0,428.0
2022-02-10,177027.0,1189.0
2022-02-11,178814.0,1264.0
2022-02-12,164066.0,943.0
2022-02-13,166009.0,1135.0
2022-02-14,140234.0,896.0
2022-02-15,54220.0,314.0
2022-02-16,58540.0,473.0
2022-02-17,120549.0,854.0
2022-02-18,147734.0,1085.0
2022-02-19,131049.0,1128.0
2022-02-20,121027.0,1127.0
2022-02-21,108725.0,851.0
2022-02-22,40625.0,406.0
2022-02-23,37339.0,318.0
2022-02-24,105776.0,816.0
2022-02-25,133563.0,999.0
2022-02-26,93757.0,971.0
2022-02-27,0.0,0.0
2022-02-28,165403.0,1523.0
2022-03-01,24054.0,221.0
2022-03-02,19516.0,199.0
2022-03-03,23545.0,297.0
2022-03-04,30995.0,370.0
2022-03-05,61870.0,578.0
2022-03-06,69769.0,677.0
2022-03-07,59253.0,672.0
2022-03-08,15961.0,216.0
2022-03-09,20456.0,198.0
2022-03-10,68893.0,488.0
2022-03-11,54906.0,669.0
2022-03-12,56635.0,588.0
2022-03-13,55211.0,470.0
2022-03-14,45020.0,389.0
2022-03-15,18642.0,133.0
2022-03-16,11287.0,171.0
2022-03-17,52094.0,336.0
2022-03-18,45882.0,355.0
2022-03-19,49601.0,485.0
2022-03-20,45472.0,373.0
2022-03-21,44154.0,304.0
2022-03-22,13218.0,103.0
2022-03-23,11110.0,97.0
2022-03-24,41021.0,394.0
2022-03-25,47376.0,302.0
2022-03-26,37690.0,312.0
2022-03-27,34576.0,256.0
2022-03-28,0.0,0.0
2022-03-29,40161.0,313.0
2022-03-30,9923.0,77.0
2022-03-31,30056.0,285.0
2022-04-01,33937.0,263.0
2022-04-02,31561.0,253.0
2022-04-03,27270.0,245.0
2022-04-04,17062.0,106.0
2022-04-05,7210.0,39.0
2022-04-06,13361.0,165.0
2022-04-07,27331.0,216.0
2022-04-08,27120.0,195.0
2022-04-09,26502.0,250.0
2022-04-10,30212.0,149.0
2022-04-11,21229.0,98.0
2022-04-12,7210.0,38.0
2022-04-13,8803.0,69.0
2022-04-14,22724.0,166.0
2022-04-15,26924.0,163.0
2022-04-16,23171.0,140.0
2022-04-17,13278.0,111.0
2022-04-18,2775.0,31.0
2022-04-19,2541.0,22.0
2022-04-20,8470.0,66.0
2022-04-21,14131.0,125.0
2022-04-22,36750.0,263.0
2022-04-23,18660.0,92.0
2022-04-24,8068.0,51.0
2022-04-25,6957.0,53.0
2022-04-26,3809.0,36.0
2022-04-27,6456.0,76.0
2022-04-28,22142.0,144.0
2022-04-29,20943.0,245.0
2022-04-30,19916.0,114.0
2022-05-01,14122.0,185.0
2022-05-02,15194.0,87.0
2022-05-03,6263.0,16.0
2022-05-04,6498.0,89.0
2022-05-05,21432.0,92.0
2022-05-06,20072.0,65.0
2022-05-07,21682.0,137.0
2022-05-08,19725.0,195.0
2022-05-09,14622.0,35.0
2022-05-10,6006.0,13.0
2022-05-11,9709.0,53.0
2022-05-12,20143.0,198.0
2022-05-13,23398.0,126.0
2022-05-14,21344.0,125.0
2022-05-15,25609.0,139.0
2022-05-16,17355.0,92.0
2022-05-17,6296.0,46.0
2022-05-18,13510.0,69.0
2022-05-19,26386.0,229.0
2022-05-20,13525.0,103.0
2022-05-21,10415.0,114.0
2022-05-22,10187.0,60.0
2022-05-23,16194.0,35.0
2022-05-24,12613.0,99.0
2022-05-25,12775.0,39.0
2022-05-26,32820.0,239.0
2022-05-27,9787.0,132.0
2022-05-28,33910.0,143.0
2022-05-29,40633.0,139.0
2022-05-30,24239.0,72.0
2022-05-31,8195.0,62.0
2022-06-01,24082.0,63.0
2022-06-02,41377.0,160.0
2022-06-03,40979.0,125.0
2022-06-04,41273.0,127.0
2022-06-05,36189.0,43.0
2022-06-06,15590.0,26.0
2022-06-07,6266.0,8.0
2022-06-08,35783.0,36.0
2022-06-09,71045.0,307.0
2022-06-10,49614.0,299.0
2022-06-11,45073.0,143.0
2022-06-12,56491.0,170.0
2022-06-13,27796.0,114.0
2022-06-14,11728.0,36.0
2022-06-15,40173.0,70.0
2022-06-16,44441.0,174.0
2022-06-17,70290.0,339.0
2022-06-18,32934.0,151.0
2022-06-19,28672.0,72.0
2022-06-20,20127.0,94.0
2022-06-21,10691.0,55.0
2022-06-22,50272.0,96.0
2022-06-23,64362.0,229.0
2022-06-24,71906.0,140.0
2022-06-25,72049.0,365.0
2022-06-26,60384.0,334.0
2022-06-27,38793.0,140.0
2022-06-28,16679.0,36.0
2022-06-29,51678.0,127.0
2022-06-30,76638.0,316.0
2022-07-01,75925.0,277.0
2022-07-02,75139.0,291.0
2022-07-03,76045.0,284.0
2022-07-04,37784.0,158.0
2022-07-05,18575.0,53.0
2022-07-06,45501.0,122.0
2022-07-07,74591.0,396.0
2022-07-08,77166.0,361.0
2022-07-09,72050.0,283.0
2022-07-10,71114.0,266.0
2022-07-11,43657.0,215.0
2022-07-12,0.0,0.0
2022-07-13,66006.0,204.0
2022-07-14,64048.0,344.0
2022-07-15,72224.0,380.0
2022-07-16,65379.0,297.0
2022-07-17,107959.0,311.0
2022-07-18,40149.0,205.0
2022-07-19,10852.0,55.0
2022-07-20,38697.0,168.0
2022-07-21,57999.0,353.0
2022-07-22,56480.0,346.0
2022-07-23,51433.0,269.0
2022-07-24,0.0,0.0
2022-07-25,75806.0,441.0
2022-07-26,9823.0,37.0
2022-07-27,30609.0,179.0
2022-07-28,37914.0,351.0
2022-07-29,44514.0,310.0
2022-07-30,44592.0,265.0
2022-07-31,41713.0,244.0
2022-08-01,22889.0,173.0
2022-08-02,20313.0,28.0
2022-08-03,22064.0,201.0
2022-08-04,34464.0,295.0
2022-08-05,33633.0,265.0
2022-08-06,40433.0,261.0
2022-08-07,29976.0,222.0
2022-08-08,16703.0,181.0
2022-08-09,7198.0,57.0
2022-08-10,17409.0,170.0
2022-08-11,30220.0,365.0
2022-08-12,30935.0,255.0
2022-08-13,27644.0,220.0
2022-08-14,23552.0,247.0
2022-08-15,17726.0,147.0
2022-08-16,4429.0,37.0
2022-08-17,7954.0,120.0
2022-08-18,23040.0,206.0
2022-08-19,21927.0,247.0
2022-08-20,22167.0,206.0
2022-08-21,18863.0,142.0
2022-08-22,15548.0,144.0
2022-08-23,5079.0,47.0
2022-08-24,6218.0,122.0
2022-08-25,20241.0,203.0
2022-08-26,18277.0,202.0
2022-08-27,21039.0,157.0
2022-08-28,18270.0,164.0
2022-08-29,12386.0,75.0
2022-08-30,3452.0,22.0
2022-08-31,12458.0,128.0
2022-09-01,16806.0,229.0
2022-09-02,15842.0,114.0
2022-09-03,14821.0,182.0
2022-09-04,11471.0,115.0
2022-09-05,11722.0,92.0
2022-09-06,9672.0,71.0
2022-09-07,0.0,0.0
2022-09-08,13392.0,155.0
2022-09-09,8892.0,57.0
2022-09-10,4206.0,85.0
2022-09-11,12710.0,91.0
2022-09-12,9409.0,40.0
2022-09-13,0.0,0.0
2022-09-14,7809.0,45.0
2022-09-15,10420.0,104.0
2022-09-16,14525.0,119.0
2022-09-17,9931.0,82.0
2022-09-18,10252.0,97.0
2022-09-19,2978.0,34.0
2022-09-20,4984.0,42.0
2022-09-21,4980.0,52.0
2022-09-22,8741.0,90.0
2022-09-23,7179.0,86.0
2022-09-24,8708.0,73.0
2022-09-25,7772.0,73.0
2022-09-26,6567.0,32.0
2022-09-27,1226.0,23.0
2022-09-28,6068.0,30.0
2022-09-29,8289.0,46.0
2022-09-30,7613.0,46.0
2022-10-01,9541.0,51.0
2022-10-02,8793.0,58.0
2022-10-03,5986.0,218.0
2022-10-04,1023.0,66.0
2022-10-05,4996.0,51.0
2022-10-06,7367.0,93.0
2022-10-07,7121.0,109.0
2022-10-08,8216.0,133.0
2022-10-09,7904.0,97.0
2022-10-10,3888.0,39.0
2022-10-11,482.0,9.0
2022-10-12,4682.0,26.0
2022-10-13,7350.0,86.0
2022-10-14,5114.0,63.0
2022-10-15,3212.0,43.0
2022-10-16,6597.0,75.0
2022-10-17,2216.0,9.0
2022-10-18,380.0,2.0
2022-10-19,5532.0,88.0
2022-10-20,8283.0,83.0
2022-10-21,8447.0,157.0
2022-10-22,4939.0,0.0
2022-10-23,4383.0,44.0
2022-10-24,1508.0,39.0
2022-10-25,1636.0,8.0
2022-10-26,9523.0,92.0
2022-10-27,6015.0,44.0
2022-10-28,7751.0,197.0
2022-10-29,8183.0,55.0
2022-10-30,6969.0,118.0
2022-10-31,1842.0,11.0
2022-11-01,797.0,1.0
2022-11-02,3883.0,65.0
2022-11-03,8286.0,62.0
2022-11-04,2302.0,9.0
2022-11-05,6971.0,39.0
2022-11-06,2755.0,65.0
2022-11-07,1310.0,10.0
2022-11-08,1077.0,6.0
2022-11-09,4042.0,47.0
2022-11-10,12661.0,92.0
2022-11-11,9406.0,80.0
2022-11-12,12017.0,40.0
2022-11-13,18622.0,49.0
2022-11-14,3739.0,0.0
2022-11-15,994.0,2.0
2022-11-16,8123.0,36.0
2022-11-17,2073.0,8.0
2022-11-18,14946.0,62.0
2022-11-19,32970.0,71.0
2022-11-20,28452.0,72.0
2022-11-21,7714.0,13.0
2022-11-22,4325.0,8.0
2022-11-23,23760.0,111.0
2022-11-24,16858.0,116.0
2022-11-25,29884.0,117.0
2022-11-26,22637.0,69.0
2022-11-27,44830.0,101.0
2022-11-28,0.0,0.0
2022-11-29,18698.0,37.0
2022-11-30,20385.0,57.0
2022-12-01,44039.0,129.0
2022-12-02,33534.0,136.0
2022-12-03,35978.0,144.0
2022-12-04,35409.0,129.0
2022-12-05,24227.0,35.0
2022-12-06,7332.0,15.0
2022-12-07,27086.0,105.0
2022-12-08,55908.0,180.0
2022-12-09,45682.0,168.0
2022-12-10,33935.0,100.0
2022-12-11,0.0,0.0
2022-12-12,39045.0,70.0
2022-12-13,6777.0,7.0
2022-12-14,66232.0,261.0
2022-12-15,0.0,0.0
2022-12-16,107641.0,434.0
2022-12-17,58421.0,203.0
2022-12-18,59694.0,158.0
2022-12-19,22584.0,53.0
2022-12-20,9868.0,20.0
2022-12-21,43085.0,158.0
2022-12-22,56697.0,239.0
2022-12-23,42681.0,181.0
2022-12-24,48404.0,191.0
2022-12-25,31492.0,91.0
2022-12-26,0.0,0.0
2022-12-27,0.0,0.0
2022-12-28,66052.0,226.0
2022-12-29,35898.0,230.0
2022-12-30,38434.0,363.0
2022-12-31,37694.0,172.0
2023-01-01,28866.0,119.0
2023-01-02,0.0,0.0
2023-01-03,0.0,0.0
2023-01-04,31085.0,128.0
2023-01-05,28057.0,211.0
2023-01-06,32715.0,219.0
2023-01-07,27674.0,158.0
2023-01-08,26402.0,210.0
2023-01-09,11172.0,27.0
2023-01-10,1664.0,11.0
2023-01-11,21236.0,100.0
2023-01-12,41146.0,68.0
2023-01-13,26433.0,103.0
2023-01-14,19070.0,148.0
2023-01-15,0.0,0.0
2023-01-16,26779.0,102.0
2023-01-17,3385.0,5.0
2023-01-18,12688.0,67.0
2023-01-19,24260.0,114.0
2023-01-20,12797.0,91.0
2023-01-21,21031.0,472.0
2023-01-22,13976.0,101.0
2023-01-23,4650.0,66.0
2023-01-24,552.0,3.0
2023-01-25,12860.0,85.0
2023-01-26,20497.0,143.0
2023-01-27,17267.0,118.0
2023-01-28,11450.0,93.0
2023-01-29,11140.0,46.0
2023-01-30,2511.0,15.0
2023-01-31,483.0,2.0
2023-02-01,13553.0,133.0
2023-02-02,16766.0,182.0
2023-02-03,13363.0,126.0
2023-02-04,19973.0,48.0
2023-02-05,8742.0,97.0
2023-02-06,1561.0,15.0
2023-02-07,727.0,1.0
2023-02-08,9828.0,78.0
2023-02-09,9217.0,94.0
2023-02-10,19899.0,50.0
2023-02-11,9733.0,37.0
2023-02-12,12716.0,42.0
2023-02-13,2193.0,12.0
2023-02-14,298.0,0.0
2023-02-15,20662.0,88.0
2023-02-16,0.0,0.0
2023-02-17,7396.0,132.0
2023-02-18,9625.0,120.0
2023-02-19,17169.0,33.0
2023-02-20,1691.0,9.0
2023-02-21,484.0,0.0
2023-02-22,417.0,2.0
2023-02-23,1880.0,11.0
2023-02-24,5174.0,312.0
2023-02-25,11616.0,453.0
2023-02-26,11587.0,94.0
2023-02-27,2934.0,18.0
2023-02-28,952.0,1.0
2023-03-01,13813.0,59.0
2023-03-02,14706.0,81.0
2023-03-03,10528.0,110.0
2023-03-04,3327.0,46.0
2023-03-05,9262.0,33.0
2023-03-06,9467.0,34.0
2023-03-07,0.0,0.0
2023-03-08,0.0,0.0
2023-03-09,0.0,0.0
2023-03-10,0.0,0.0
2023-03-11,0.0,0.0
2023-03-12,0.0,0.0
2023-03-13,59994.0,324.0
2023-03-14,0.0,0.0
2023-03-15,0.0,0.0
2023-03-16,0.0,0.0
2023-03-17,0.0,0.0
2023-03-18,0.0,0.0
2023-03-19,0.0,0.0
2023-03-20,59163.0,283.0
2023-03-21,0.0,0.0
2023-03-22,0.0,0.0
2023-03-23,0.0,0.0
2023-03-24,0.0,0.0
2023-03-25,0.0,0.0
2023-03-26,0.0,0.0
2023-03-27,0.0,0.0
2023-03-28,0.0,0.0
2023-03-29,0.0,0.0
2023-03-30,53986.0,322.0
2023-03-31,0.0,0.0
2023-04-01,0.0,0.0
2023-04-02,0.0,0.0
2023-04-03,0.0,0.0
2023-04-04,0.0,0.0
2023-04-05,0.0,0.0
2023-04-06,0.0,0.0
2023-04-07,0.0,0.0
2023-04-08,0.0,0.0
2023-04-09,60591.0,317.0
2023-04-10,0.0,0.0
2023-04-11,0.0,0.0
2023-04-12,0.0,0.0
2023-04-13,0.0,0.0
2023-04-14,0.0,0.0
2023-04-15,0.0,0.0
2023-04-16,38838.0,255.0
2023-04-17,0.0,0.0
2023-04-18,0.0,0.0
2023-04-19,0.0,0.0
2023-04-20,0.0,0.0
2023-04-21,0.0,0.0
2023-04-22,0.0,0.0
2023-04-23,49140.0,404.0
2023-04-24,0.0,0.0
2023-04-25,0.0,0.0
2023-04-26,0.0,0.0
2023-04-27,0.0,0.0
2023-04-28,0.0,0.0
2023-04-29,0.0,0.0
2023-04-30,42186.0,279.0
2023-05-01,0.0,0.0
2023-05-02,0.0,0.0
2023-05-03,0.0,0.0
2023-05-04,0.0,0.0
2023-05-05,0.0,0.0
2023-05-06,0.0,0.0
2023-05-07,38553.0,339.0
2023-05-08,0.0,0.0
2023-05-09,0.0,0.0
2023-05-10,0.0,0.0
2023-05-11,0.0,0.0
2023-05-12,0.0,0.0
2023-05-13,0.0,0.0
2023-05-14,23950.0,283.0
2023-05-15,0.0,0.0
2023-05-16,0.0,0.0
2023-05-17,0.0,0.0
2023-05-18,0.0,0.0
2023-05-19,0.0,0.0
2023-05-20,0.0,0.0
2023-05-21,0.0,0.0
2023-05-22,0.0,0.0
2023-05-23,0.0,0.0
2023-05-24,0.0,0.0
2023-05-25,0.0,0.0
2023-05-26,0.0,0.0
2023-05-27,0.0,0.0
2023-05-28,0.0,0.0
2023-05-29,0.0,0.0
2023-05-30,0.0,0.0
2023-05-31,0.0,0.0
2023-06-01,0.0,0.0
2023-06-02,0.0,0.0
2023-06-03,0.0,0.0
2023-06-04,0.0,0.0
2023-06-05,0.0,0.0
2023-06-06,0.0,0.0
2023-06-07,0.0,0.0
2023-06-08,0.0,0.0
2023-06-09,0.0,0.0
2023-06-10,0.0,0.0
2023-06-11,0.0,0.0
2023-06-12,0.0,0.0
2023-06-13,0.0,0.0
2023-06-14,0.0,0.0
2023-06-15,0.0,0.0
2023-06-16,0.0,0.0
2023-06-17,0.0,0.0
2023-06-18,0.0,0.0
2023-06-19,0.0,0.0
2023-06-20,0.0,0.0
2023-06-21,0.0,0.0
2023-06-22,0.0,0.0
2023-06-23,0.0,0.0
2023-06-24,0.0,0.0
2023-06-25,0.0,0.0
2023-06-26,0.0,0.0
2023-06-27,0.0,0.0
2023-06-28,0.0,0.0
2023-06-29,0.0,0.0
2023-06-30,0.0,0.0
2023-07-01,0.0,0.0
2023-07-02,0.0,0.0
2023-07-03,0.0,0.0
2023-07-04,0.0,0.0
2023-07-05,0.0,0.0
2023-07-06,0.0,0.0
2023-07-07,0.0,0.0
2023-07-08,0.0,0.0
2023-07-09,0.0,0.0
2023-07-10,0.0,0.0
2023-07-11,0.0,0.0
2023-07-12,0.0,0.0
2023-07-13,0.0,0.0
2023-07-14,0.0,0.0
2023-07-15,0.0,0.0
2023-07-16,0.0,0.0
2023-07-17,0.0,0.0
2023-07-18,0.0,0.0
2023-07-19,0.0,0.0
2023-07-20,0.0,0.0
2023-07-21,0.0,0.0
2023-07-22,0.0,0.0
2023-07-23,0.0,0.0
2023-07-24,0.0,0.0
2023-07-25,0.0,0.0
2023-07-26,0.0,0.0
2023-07-27,0.0,0.0
2023-07-28,0.0,0.0
2023-07-29,0.0,0.0
2023-07-30,0.0,0.0
2023-07-31,0.0,0.0
2023-08-01,0.0,0.0
2023-08-02,0.0,0.0
2023-08-03,0.0,0.0
2023-08-04,0.0,0.0
2023-08-05,0.0,0.0
2023-08-06,0.0,0.0
2023-08-07,0.0,0.0
2023-08-08,0.0,0.0
2023-08-09,0.0,0.0
2023-08-10,0.0,0.0
2023-08-11,0.0,0.0
2023-08-12,0.0,0.0
2023-08-13,0.0,0.0
2023-08-14,0.0,0.0
2023-08-15,0.0,0.0
2023-08-16,0.0,0.0
2023-08-17,0.0,0.0
2023-08-18,0.0,0.0
2023-08-19,0.0,0.0
2023-08-20,0.0,0.0
2023-08-21,0.0,0.0
2023-08-22,0.0,0.0
2023-08-23,0.0,0.0
2023-08-24,0.0,0.0
2023-08-25,0.0,0.0
2023-08-26,0.0,0.0
2023-08-27,0.0,0.0
2023-08-28,0.0,0.0
2023-08-29,0.0,0.0
2023-08-30,0.0,0.0
2023-08-31,0.0,0.0
2023-09-01,0.0,0.0
2023-09-02,0.0,0.0
2023-09-03,0.0,0.0
2023-09-04,0.0,0.0
2023-09-05,0.0,0.0
2023-09-06,0.0,0.0
2023-09-07,0.0,0.0
2023-09-08,0.0,0.0
2023-09-09,0.0,0.0
2023-09-10,0.0,0.0
2023-09-11,0.0,0.0
2023-09-12,0.0,0.0
2023-09-13,0.0,0.0
2023-09-14,0.0,0.0
2023-09-15,0.0,0.0
2023-09-16,0.0,0.0
2023-09-17,0.0,0.0
2023-09-18,0.0,0.0
2023-09-19,0.0,0.0
2023-09-20,0.0,0.0
2023-09-21,0.0,0.0
2023-09-22,0.0,0.0
2023-09-23,0.0,0.0
2023-09-24,0.0,0.0
2023-09-25,0.0,0.0
2023-09-26,0.0,0.0
2023-09-27,0.0,0.0
2023-09-28,0.0,0.0
2023-09-29,0.0,0.0
2023-09-30,0.0,0.0
2023-10-01,0.0,0.0
2023-10-02,0.0,0.0
2023-10-03,0.0,0.0
2023-10-04,0.0,0.0
2023-10-05,0.0,0.0
2023-10-06,0.0,0.0
2023-10-07,0.0,0.0
2023-10-08,0.0,0.0
2023-10-09,0.0,0.0
2023-10-10,0.0,0.0
2023-10-11,0.0,0.0
2023-10-12,0.0,0.0
2023-10-13,0.0,0.0
2023-10-14,0.0,0.0
2023-10-15,0.0,0.0
2023-10-16,0.0,0.0
2023-10-17,0.0,0.0
2023-10-18,0.0,0.0
2023-10-19,0.0,0.0
2023-10-20,0.0,0.0
2023-10-21,0.0,0.0
2023-10-22,0.0,0.0
2023-10-23,0.0,0.0
2023-10-24,0.0,0.0
2023-10-25,0.0,0.0
2023-10-26,0.0,0.0
2023-10-27,0.0,0.0
2023-10-28,0.0,0.0
2023-10-29,0.0,0.0
2023-10-30,0.0,0.0
2023-10-31,0.0,0.0
2023-11-01,0.0,0.0
2023-11-02,0.0,0.0
2023-11-03,0.0,0.0
2023-11-04,0.0,0.0
2023-11-05,0.0,0.0
2023-11-06,0.0,0.0
2023-11-07,0.0,0.0
2023-11-08,0.0,0.0
2023-11-09,0.0,0.0
2023-11-10,0.0,0.0
2023-11-11,0.0,0.0
2023-11-12,0.0,0.0
2023-11-13,0.0,0.0
2023-11-14,0.0,0.0
2023-11-15,0.0,0.0
2023-11-16,0.0,0.0
2023-11-17,0.0,0.0
2023-11-18,0.0,0.0
2023-11-19,0.0,0.0
2023-11-20,0.0,0.0
2023-11-21,0.0,0.0
2023-11-22,0.0,0.0
2023-11-23,0.0,0.0
2023-11-24,0.0,0.0
2023-11-25,0.0,0.0
2023-11-26,0.0,0.0
2023-11-27,0.0,0.0
2023-11-28,0.0,0.0
2023-11-29,0.0,0.0
2023-11-30,0.0,0.0
2023-12-01,0.0,0.0
2023-12-02,0.0,0.0
2023-12-03,0.0,0.0
2023-12-04,0.0,0.0
2023-12-05,0.0,0.0
2023-12-06,0.0,0.0
2023-12-07,0.0,0.0
2023-12-08,0.0,0.0
2023-12-09,0.0,0.0
2023-12-10,0.0,0.0
2023-12-11,0.0,0.0
2023-12-12,0.0,0.0
2023-12-13,0.0,0.0
2023-12-14,0.0,0.0
2023-12-15,0.0,0.0
2023-12-16,0.0,0.0
2023-12-17,0.0,0.0
2023-12-18,0.0,0.0
2023-12-19,0.0,0.0
2023-12-20,0.0,0.0
2023-12-21,0.0,0.0
2023-12-22,0.0,0.0
2023-12-23,0.0,0.0
2023-12-24,0.0,0.0
2023-12-25,0.0,0.0
2023-12-26,0.0,0.0
2023-12-27,0.0,0.0
2023-12-28,0.0,0.0
2023-12-29,0.0,0.0
2023-12-30,0.0,0.0
2023-12-31,0.0,0.0
2024-01-01,0.0,0.0
2024-01-02,0.0,0.0
2024-01-03,0.0,0.0
2024-01-04,0.0,0.0
2024-01-05,0.0,0.0
2024-01-06,0.0,0.0
2024-01-07,0.0,0.0
2024-01-08,0.0,0.0
2024-01-09,0.0,0.0
2024-01-10,0.0,0.0
2024-01-11,0.0,0.0
2024-01-12,0.0,0.0
2024-01-13,0.0,0.0
2024-01-14,0.0,0.0
2024-01-15,0.0,0.0
2024-01-16,0.0,0.0
2024-01-17,0.0,0.0
2024-01-18,0.0,0.0
2024-01-19,0.0,0.0
2024-01-20,0.0,0.0
2024-01-21,0.0,0.0
2024-01-22,0.0,0.0
2024-01-23,0.0,0.0
2024-01-24,0.0,0.0
2024-01-25,0.0,0.0
2024-01-26,0.0,0.0
2024-01-27,0.0,0.0
2024-01-28,0.0,0.0
2024-01-29,0.0,0.0
2024-01-30,0.0,0.0
2024-01-31,0.0,0.0
2024-02-01,0.0,0.0
2024-02-02,0.0,0.0
2024-02-03,0.0,0.0
2024-02-04,0.0,0.0
2024-02-05,0.0,0.0
2024-02-06,0.0,0.0
2024-02-07,0.0,0.0
2024-02-08,0.0,0.0
2024-02-09,0.0,0.0
2024-02-10,0.0,0.0
2024-02-11,0.0,0.0
2024-02-12,0.0,0.0
2024-02-13,0.0,0.0
2024-02-14,0.0,0.0
2024-02-15,0.0,0.0
2024-02-16,0.0,0.0
2024-02-17,0.0,0.0
2024-02-18,0.0,0.0
2024-02-19,0.0,0.0
2024-02-20,0.0,0.0
2024-02-21,0.0,0.0
2024-02-22,0.0,0.0
2024-02-23,0.0,0.0
2024-02-24,0.0,0.0
2024-02-25,0.0,0.0
2024-02-26,0.0,0.0
2024-02-27,0.0,0.0
2024-02-28,0.0,0.0
2024-02-29,0.0,0.0
2024-03-01,0.0,0.0
2024-03-02,0.0,0.0
2024-03-03,0.0,0.0
2024-03-04,0.0,0.0
2024-03-05,0.0,0.0
2024-03-06,0.0,0.0
2024-03-07,0.0,0.0
2024-03-08,0.0,0.0
2024-03-09,0.0,0.0
2024-03-10,0.0,0.0
2024-03-11,0.0,0.0
2024-03-12,0.0,0.0
2024-03-13,0.0,0.0
2024-03-14,0.0,0.0
2024-03-15,0.0,0.0
2024-03-16,0.0,0.0
2024-03-17,0.0,0.0
2024-03-18,0.0,0.0
2024-03-19,0.0,0.0
2024-03-20,0.0,0.0
2024-03-21,0.0,0.0
2024-03-22,0.0,0.0
2024-03-23,0.0,0.0
2024-03-24,0.0,0.0
2024-03-25,0.0,0.0
2024-03-26,0.0,0.0
2024-03-27,0.0,0.0
2024-03-28,0.0,0.0
2024-03-29,0.0,0.0
2024-03-30,0.0,0.0
2024-03-31,0.0,0.0
2024-04-01,0.0,0.0
2024-04-02,0.0,0.0
2024-04-03,0.0,0.0
2024-04-04,0.0,0.0
2024-04-05,0.0,0.0
2024-04-06,0.0,0.0
2024-04-07,0.0,0.0
2024-04-08,0.0,0.0
2024-04-09,0.0,0.0
2024-04-10,0.0,0.0
2024-04-11,0.0,0.0
2024-04-12,0.0,0.0
2024-04-13,0.0,0.0
2024-04-14,0.0,0.0
2024-04-15,0.0,0.0
2024-04-16,0.0,0.0
2024-04-17,0.0,0.0
2024-04-18,0.0,0.0
2024-04-19,0.0,0.0
2024-04-20,0.0,0.0
2024-04-21,0.0,0.0
2024-04-22,0.0,0.0
2024-04-23,0.0,0.0
2024-04-24,0.0,0.0
2024-04-25,0.0,0.0
2024-04-26,0.0,0.0
2024-04-27,0.0,0.0
2024-04-28,0.0,0.0
2024-04-29,0.0,0.0
2024-04-30,0.0,0.0
2024-05-01,0.0,0.0
2024-05-02,0.0,0.0
2024-05-03,0.0,0.0
2024-05-04,0.0,0.0
2024-05-05,0.0,0.0
2024-05-06,0.0,0.0
2024-05-07,0.0,0.0
2024-05-08,0.0,0.0
2024-05-09,0.0,0.0
2024-05-10,0.0,0.0
2024-05-11,0.0,0.0
2024-05-12,0.0,0.0
2024-05-13,0.0,0.0
2024-05-14,0.0,0.0
2024-05-15,0.0,0.0
2024-05-16,0.0,0.0
2024-05-17,0.0,0.0
2024-05-18,0.0,0.0
2024-05-19,0.0,0.0
2024-05-20,0.0,0.0
2024-05-21,0.0,0.0
2024-05-22,0.0,0.0
2024-05-23,0.0,0.0
2024-05-24,0.0,0.0
2024-05-25,0.0,0.0
2024-05-26,0.0,0.0
2024-05-27,0.0,0.0
2024-05-28,0.0,0.0
2024-05-29,0.0,0.0
2024-05-30,0.0,0.0
2024-05-31,0.0,0.0
2024-06-01,0.0,0.0
2024-06-02,0.0,0.0
2024-06-03,0.0,0.0
2024-06-04,0.0,0.0
2024-06-05,0.0,0.0
2024-06-06,0.0,0.0
2024-06-07,0.0,0.0
2024-06-08,0.0,0.0
2024-06-09,0.0,0.0
2024-06-10,0.0,0.0
2024-06-11,0.0,0.0
2024-06-12,0.0,0.0
2024-06-13,0.0,0.0
2024-06-14,0.0,0.0
2024-06-15,0.0,0.0
2024-06-16,0.0,0.0
2024-06-17,0.0,0.0
2024-06-18,0.0,0.0
2024-06-19,0.0,0.0
2024-06-20,0.0,0.0
2024-06-21,0.0,0.0
2024-06-22,0.0,0.0
2024-06-23,0.0,0.0
2024-06-24,0.0,0.0
2024-06-25,0.0,0.0
2024-06-26,0.0,0.0
2024-06-27,0.0,0.0
2024-06-28,0.0,0.0
2024-06-29,0.0,0.0
2024-06-30,0.0,0.0
2024-07-01,0.0,0.0
2024-07-02,0.0,0.0
2024-07-03,0.0,0.0
2024-07-04,0.0,0.0
2024-07-05,0.0,0.0
2024-07-06,0.0,0.0
2024-07-07,0.0,0.0
2024-07-08,0.0,0.0
2024-07-09,0.0,0.0
2024-07-10,0.0,0.0
2024-07-11,0.0,0.0
2024-07-12,0.0,0.0
2024-07-13,0.0,0.0
2024-07-14,0.0,0.0
2024-07-15,0.0,0.0
2024-07-16,0.0,0.0
2024-07-17,0.0,0.0
2024-07-18,0.0,0.0
2024-07-19,0.0,0.0
2024-07-20,0.0,0.0
2024-07-21,0.0,0.0
2024-07-22,0.0,0.0
2024-07-23,0.0,0.0
2024-07-24,0.0,0.0
2024-07-25,0.0,0.0
2024-07-26,0.0,0.0
2024-07-27,0.0,0.0
2024-07-28,0.0,0.0
2024-07-29,0.0,0.0
2024-07-30,0.0,0.0
2024-07-31,0.0,0.0
2024-08-01,0.0,0.0
2024-08-02,0.0,0.0
2024-08-03,0.0,0.0
2024-08-04,0.0,0.0
2024-08-05,0.0,0.0
2024-08-06,0.0,0.0
2024-08-07,0.0,0.0
2024-08-08,0.0,0.0
2024-08-09,0.0,0.0
2024-08-10,0.0,0.0
2024-08-11,0.0,0.0
2024-08-12,0.0,0.0
2024-08-13,0.0,0.0
2024-08-14,0.0,0.0
2024-08-15,0.0,0.0
2024-08-16,0.0,0.0
2024-08-17,0.0,0.0
2024-08-18,0.0,0.0
2024-08-19,0.0,0.0
2024-08-20,0.0,0.0
2024-08-21,0.0,0.0
2024-08-22,0.0,0.0
2024-08-23,0.0,0.0
2024-08-24,0.0,0.0
2024-08-25,0.0,0.0
2024-08-26,0.0,0.0
2024-08-27,0.0,0.0
2024-08-28,0.0,0.0
2024-08-29,0.0,0.0
2024-08-30,0.0,0.0
2024-08-31,0.0,0.0
2024-09-01,0.0,0.0
2024-09-02,0.0,0.0
2024-09-03,0.0,0.0
2024-09-04,0.0,0.0
2024-09-05,0.0,0.0
2024-09-06,0.0,0.0
2024-09-07,0.0,0.0
2024-09-08,0.0,0.0
2024-09-09,0.0,0.0
2024-09-10,0.0,0.0
2024-09-11,0.0,0.0
2024-09-12,0.0,0.0
2024-09-13,0.0,0.0
2024-09-14,0.0,0.0
2024-09-15,0.0,0.0
2024-09-16,0.0,0.0
2024-09-17,0.0,0.0
2024-09-18,0.0,0.0
2024-09-19,0.0,0.0
2024-09-20,0.0,0.0
2024-09-21,0.0,0.0
2024-09-22,0.0,0.0
2024-09-23,0.0,0.0
2024-09-24,0.0,0.0
2024-09-25,0.0,0.0
2024-09-26,0.0,0.0
2024-09-27,0.0,0.0
2024-09-28,0.0,0.0
2024-09-29,0.0,0.0
2024-09-30,0.0,0.0
2024-10-01,0.0,0.0
2024-10-02,0.0,0.0
2024-10-03,0.0,0.0
2024-10-04,0.0,0.0
2024-10-05,0.0,0.0
2024-10-06,0.0,0.0
2024-10-07,0.0,0.0
2024-10-08,0.0,0.0
2024-10-09,0.0,0.0
2024-10-10,0.0,0.0
2024-10-11,0.0,0.0
2024-10-12,0.0,0.0
2024-10-13,0.0,0.0
2024-10-14,0.0,0.0
2024-10-15,0.0,0.0
2024-10-16,0.0,0.0
2024-10-17,0.0,0.0
2024-10-18,0.0,0.0
2024-10-19,0.0,0.0
2024-10-20,0.0,0.0
2024-10-21,0.0,0.0
2024-10-22,0.0,0.0
2024-10-23,0.0,0.0
2024-10-24,0.0,0.0
2024-10-25,0.0,0.0
2024-10-26,0.0,0.0
2024-10-27,0.0,0.0
2024-10-28,0.0,0.0
2024-10-29,0.0,0.0
2024-10-30,0.0,0.0
2024-10-31,0.0,0.0
2024-11-01,0.0,0.0
2024-11-02,0.0,0.0
2024-11-03,0.0,0.0
2024-11-04,0.0,0.0
2024-11-05,0.0,0.0
2024-11-06,0.0,0.0
2024-11-07,0.0,0.0
2024-11-08,0.0,0.0
2024-11-09,0.0,0.0
2024-11-10,0.0,0.0
2024-11-11,0.0,0.0
2024-11-12,0.0,0.0
2024-11-13,0.0,0.0
2024-11-14,0.0,0.0
2024-11-15,0.0,0.0
2024-11-16,0.0,0.0
2024-11-17,0.0,0.0
2024-11-18,0.0,0.0
2024-11-19,0.0,0.0
2024-11-20,0.0,0.0
2024-11-21,0.0,0.0
2024-11-22,0.0,0.0
2024-11-23,0.0,0.0
2024-11-24,0.0,0.0
2024-11-25,0.0,0.0
2024-11-26,0.0,0.0
2024-11-27,0.0,0.0
2024-11-28,0.0,0.0
2024-11-29,0.0,0.0
2024-11-30,0.0,0.0
2024-12-01,0.0,0.0
2024-12-02,0.0,0.0
2024-12-03,0.0,0.0
2024-12-04,0.0,0.0
2024-12-05,0.0,0.0
2024-12-06,0.0,0.0
2024-12-07,0.0,0.0
2024-12-08,0.0,0.0
2024-12-09,0.0,0.0
2024-12-10,0.0,0.0
2024-12-11,0.0,0.0
2024-12-12,0.0,0.0
2024-12-13,0.0,0.0
2024-12-14,0.0,0.0
2024-12-15,0.0,0.0
2024-12-16,0.0,0.0
2024-12-17,0.0,0.0
2024-12-18,0.0,0.0
2024-12-19,0.0,0.0
2024-12-20,0.0,0.0
2024-12-21,0.0,0.0
2024-12-22,0.0,0.0
2024-12-23,0.0,0.0
2024-12-24,0.0,0.0
2024-12-25,0.0,0.0
2024-12-26,0.0,0.0
2024-12-27,0.0,0.0
2024-12-28,0.0,0.0
2024-12-29,0.0,0.0
2024-12-30,0.0,0.0
2024-12-31,14821.0,79.0
2025-01-01,0.0,0.0
2025-01-02,0.0,0.0
2025-01-03,0.0,0.0
2025-01-04,0.0,0.0
2025-01-05,0.0,0.0
2025-01-06,0.0,0.0
2025-01-07,21092.0,93.0
2025-01-08,0.0,0.0
2025-01-09,0.0,0.0
2025-01-10,0.0,0.0
2025-01-11,0.0,0.0
2025-01-12,0.0,0.0
2025-01-13,0.0,0.0
2025-01-14,19112.0,77.0
2025-01-15,0.0,0.0
2025-01-16,0.0,0.0
2025-01-17,0.0,0.0
2025-01-18,0.0,0.0
2025-01-19,0.0,0.0
2025-01-20,0.0,0.0
2025-01-21,18974.0,71.0
2025-01-22,0.0,0.0
2025-01-23,0.0,0.0
2025-01-24,0.0,0.0
2025-01-25,0.0,0.0
2025-01-26,0.0,0.0
2025-01-27,0.0,0.0
2025-01-28,17783.0,54.0
2025-01-29,0.0,0.0
2025-01-30,0.0,0.0
2025-01-31,0.0,0.0
2025-02-01,0.0,0.0
2025-02-02,0.0,0.0
2025-02-03,0.0,0.0
2025-02-04,20094.0,59.0
2025-02-05,0.0,0.0
2025-02-06,0.0,0.0
2025-02-07,0.0,0.0
2025-02-08,0.0,0.0
2025-02-09,0.0,0.0
2025-02-10,0.0,0.0
2025-02-11,25783.0,51.0
2025-02-12,0.0,0.0
2025-02-13,0.0,0.0
2025-02-14,0.0,0.0
2025-02-15,0.0,0.0
2025-02-16,0.0,0.0
2025-02-17,0.0,0.0
2025-02-18,24461.0,57.0
2025-02-19,0.0,0.0
2025-02-20,0.0,0.0
2025-02-21,0.0,0.0
2025-02-22,0.0,0.0
2025-02-23,0.0,0.0
2025-02-24,0.0,0.0
2025-02-25,16200.0,55.0
2025-02-26,0.0,0.0
2025-02-27,0.0,0.0
2025-02-28,0.0,0.0
2025-03-01,0.0,0.0
2025-03-02,0.0,0.0
2025-03-03,0.0,0.0
2025-03-04,11382.0,44.0
2025-03-05,0.0,0.0
2025-03-06,0.0,0.0
2025-03-07,0.0,0.0
2025-03-08,0.0,0.0
2025-03-09,0.0,0.0
2025-03-10,0.0,0.0
2025-03-11,8207.0,27.0
2025-03-12,0.0,0.0
2025-03-13,0.0,0.0
2025-03-14,0.0,0.0
2025-03-15,0.0,0.0
2025-03-16,0.0,0.0
2025-03-17,0.0,0.0
2025-03-18,5382.0,21.0
2025-03-19,0.0,0.0
2025-03-20,0.0,0.0
2025-03-21,0.0,0.0
2025-03-22,0.0,0.0
2025-03-23,0.0,0.0
2025-03-24,0.0,0.0
2025-03-25,3813.0,14.0
2025-03-26,0.0,0.0
2025-03-27,0.0,0.0
2025-03-28,0.0,0.0
2025-03-29,0.0,0.0
2025-03-30,0.0,0.0
2025-03-31,0.0,0.0
2025-04-01,3095.0,15.0
2025-04-02,0.0,0.0
2025-04-03,0.0,0.0
2025-04-04,0.0,0.0
2025-04-05,0.0,0.0
2025-04-06,0.0,0.0
2025-04-07,0.0,0.0
2025-04-08,2507.0,16.0
2025-04-09,0.0,0.0
2025-04-10,0.0,0.0
2025-04-11,0.0,0.0
2025-04-12,0.0,0.0
2025-04-13,0.0,0.0
2025-04-14,0.0,0.0
2025-04-15,1989.0,14.0
2025-04-16,0.0,0.0
2025-04-17,0.0,0.0
2025-04-18,0.0,0.0
2025-04-19,0.0,0.0
2025-04-20,0.0,0.0
2025-04-21,0.0,0.0
2025-04-22,2360.0,14.0
2025-04-23,0.0,0.0
2025-04-24,0.0,0.0
2025-04-25,0.0,0.0
2025-04-26,0.0,0.0
2025-04-27,0.0,0.0
2025-04-28,0.0,0.0
2025-04-29,2213.0,12.0
2025-04-30,0.0,0.0
2025-05-01,0.0,0.0
2025-05-02,0.0,0.0
2025-05-03,0.0,0.0
2025-05-04,0.0,0.0
2025-05-05,0.0,0.0
2025-05-06,2872.0,18.0
2025-05-07,0.0,0.0
2025-05-08,0.0,0.0
2025-05-09,0.0,0.0
2025-05-10,0.0,0.0
2025-05-11,0.0,0.0
2025-05-12,0.0,0.0
2025-05-13,2992.0,18.0
2025-05-14,0.0,0.0
2025-05-15,0.0,0.0
2025-05-16,0.0,0.0
2025-05-17,0.0,0.0
2025-05-18,0.0,0.0
2025-05-19,0.0,0.0
2025-05-20,3183.0,10.0
2025-05-21,0.0,0.0
2025-05-22,0.0,0.0
2025-05-23,0.0,0.0
2025-05-24,0.0,0.0
2025-05-25,0.0,0.0
2025-05-26,0.0,0.0
2025-05-27,2584.0,9.0
2025-05-28,0.0,0.0
2025-05-29,0.0,0.0
2025-05-30,0.0,0.0
2025-05-31,0.0,0.0
2025-06-01,0.0,0.0
2025-06-02,0.0,0.0
2025-06-03,2476.0,10.0
2025-06-04,0.0,0.0
2025-06-05,0.0,0.0
2025-06-06,0.0,0.0
2025-06-07,0.0,0.0
2025-06-08,0.0,0.0
2025-06-09,0.0,0.0
2025-06-10,2371.0,11.0
2025-06-11,0.0,0.0
2025-06-12,0.0,0.0
2025-06-13,0.0,0.0
2025-06-14,0.0,0.0
2025-06-15,0.0,0.0
2025-06-16,0.0,0.0
2025-06-17,1874.0,13.0
2025-06-18,0.0,0.0
2025-06-19,0.0,0.0
2025-06-20,0.0,0.0
2025-06-21,0.0,0.0
2025-06-22,0.0,0.0
2025-06-23,0.0,0.0
2025-06-24,1793.0,9.0
2025-06-25,0.0,0.0
2025-06-26,0.0,0.0
2025-06-27,0.0,0.0
2025-06-28,0.0,0.0
2025-06-29,0.0,0.0
2025-06-30,0.0,0.0
2025-07-01,2249.0,13.0
2025-07-02,0.0,0.0
2025-07-03,0.0,0.0
2025-07-04,0.0,0.0
2025-07-05,0.0,0.0
2025-07-06,0.0,0.0
2025-07-07,0.0,0.0
2025-07-08,2396.0,12.0
2025-07-09,0.0,0.0
2025-07-10,0.0,0.0
2025-07-11,0.0,0.0
2025-07-12,0.0,0.0
2025-07-13,0.0,0.0
2025-07-14,0.0,0.0
2025-07-15,2895.0,11.0
2025-07-16,0.0,0.0
2025-07-17,0.0,0.0
2025-07-18,0.0,0.0
2025-07-19,0.0,0.0
2025-07-20,0.0,0.0
2025-07-21,0.0,0.0
2025-07-22,3303.0,10.0
2025-07-23,0.0,0.0
2025-07-24,0.0,0.0
2025-07-25,0.0,0.0
2025-07-26,0.0,0.0
2025-07-27,0.0,0.0
2025-07-28,0.0,0.0
2025-07-29,3643.0,11.0
2025-07-30,0.0,0.0
2025-07-31,0.0,0.0
2025-08-01,0.0,0.0
2025-08-02,0.0,0.0
2025-08-03,0.0,0.0
2025-08-04,0.0,0.0
2025-08-05,4330.0,7.0
2025-08-06,0.0,0.0
2025-08-07,0.0,0.0
2025-08-08,0.0,0.0
2025-08-09,0.0,0.0
2025-08-10,0.0,0.0
2025-08-31,,
2025-09-30,,
2025-10-31,,
2025-11-30,,
2025-12-31,,
